first_name,last_name,address,age
James,Butt,6649 N Blue Gum St,54
Josephine,Darakjy,4 B Blue Ridge Blvd,33
Art,Venere,8 W Cerritos Ave #54,50
Lenna,Paprocki,639 Main St,28
Donette,Foller,34 Center St,62
Simona,Morasca,3 Mcauley Dr,36
Mitsue,Tollner,7 Eads St,47
Leota,Dilliard,7 W Jackson Blvd,44
Sage,Wieser,5 Boston Ave #88,52
Kris,Marrier,228 Runamuck Pl #2808,68
Minna,Amigon,2371 Jerrold Ave,31
Abel,Maclead,37275 St Rt 17m M,37
Kiley,Caldarera,25 E 75th St #69,52
Graciela,Ruta,98 Connecticut Ave Nw,36
Cammy,Albares,56 E Morehead St,30
Mattie,Poquette,73 State Road 434 E,73
Meaghan,Garufi,69734 E Carrillo St,23
Gladys,Rim,322 New Horizon Blvd,24
Yuki,Whobrey,1 State Route 27,43
Fletcher,Flosi,394 Manchester Blvd,75
Bette,Nicka,6 S 33rd St,44
Veronika,Inouye,6 Greenleaf Ave,45
Willard,Kolmetz,618 W Yakima Ave,16
Maryann,Royster,74 S Westgate St,47
Alisha,Slusarski,3273 State St,62
Allene,Iturbide,1 Central Ave,59
Chanel,Caudy,86 Nw 66th St #8673,68
Ezekiel,Chui,2 Cedar Ave #84,37
Willow,Kusko,90991 Thorburn Ave,41
Bernardo,Figeroa,386 9th Ave N,44
Ammie,Corrio,74874 Atlantic Ave,55
Francine,Vocelka,366 South Dr,58
Ernie,Stenseth,45 E Liberty St,61
Albina,Glick,4 Ralph Ct,25
Alishia,Sergi,2742 Distribution Way,57
Solange,Shinko,426 Wolf St,40
Jose,Stockham,128 Bransten Rd,63
Rozella,Ostrosky,17 Morena Blvd,34
Valentine,Gillian,775 W 17th St,54
Kati,Rulapaugh,6980 Dorsett Rd,66
Youlanda,Schemmer,2881 Lewis Rd,43
Dyan,Oldroyd,7219 Woodfield Rd,61
Roxane,Campain,1048 Main St,43
Lavera,Perin,678 3rd Ave,54
Erick,Ferencz,20 S Babcock St,31
Fatima,Saylors,2 Lighthouse Ave,17
Jina,Briddick,38938 Park Blvd,21
Kanisha,Waycott,5 Tomahawk Dr,36
Emerson,Bowley,762 S Main St,19
Blair,Malet,209 Decker Dr,41
Brock,Bolognia,4486 W O St #1,53
Lorrie,Nestle,39 S 7th St,39
Sabra,Uyetake,98839 Hawthorne Blvd #6101,38
Marjory,Mastella,71 San Mateo Ave,51
Karl,Klonowski,76 Brooks St #9,24
Tonette,Wenner,4545 Courthouse Rd,40
Amber,Monarrez,14288 Foster Ave #4121,32
Shenika,Seewald,4 Otis St,66
Delmy,Ahle,65895 S 16th St,55
Deeanna,Juhas,14302 Pennsylvania Ave,32
Blondell,Pugh,201 Hawk Ct,25
Jamal,Vanausdal,53075 Sw 152nd Ter #615,18
Cecily,Hollack,59 N Groesbeck Hwy,59
Carmelina,Lindall,2664 Lewis Rd,71
Maurine,Yglesias,59 Shady Ln #53,33
Tawna,Buvens,3305 Nabell Ave #679,40
Penney,Weight,18 Fountain St,42
Elly,Morocco,7 W 32nd St,47
Ilene,Eroman,2853 S Central Expy,30
Vallie,Mondella,74 W College St,19
Kallie,Blackwood,701 S Harrison Rd,36
Johnetta,Abdallah,1088 Pinehurst St,36
Bobbye,Rhym,30 W 80th St #1995,26
Micaela,Rhymes,20932 Hedley St,29
Tamar,Hoogland,2737 Pistorio Rd #9230,22
Moon,Parlato,74989 Brandon St,55
Laurel,Reitler,6 Kains Ave,73
Delisa,Crupi,47565 W Grand Ave,37
Viva,Toelkes,4284 Dorigo Ln,58
Elza,Lipke,6794 Lake Dr E,37
Devorah,Chickering,31 Douglas Blvd #950,47
Timothy,Mulqueen,44 W 4th St,54
Arlette,Honeywell,11279 Loytan St,73
Dominque,Dickerson,69 Marquette Ave,53
Lettie,Isenhower,70 W Main St,73
Myra,Munns,461 Prospect Pl #316,19
Stephaine,Barfield,47154 Whipple Ave Nw,21
Lai,Gato,37 Alabama Ave,34
Stephen,Emigh,3777 E Richmond St #900,67
Tyra,Shields,3 Fort Worth Ave,39
Tammara,Wardrip,4800 Black Horse Pike,55
Cory,Gibes,83649 W Belmont Ave,34
Danica,Bruschke,840 15th Ave,44
Wilda,Giguere,1747 Calle Amanecer #2,33
Elvera,Benimadho,99385 Charity St #840,67
Carma,Vanheusen,68556 Central Hwy,63
Malinda,Hochard,55 Riverside Ave,30
Natalie,Fern,7140 University Ave,34
Lisha,Centini,64 5th Ave #1153,17
Arlene,Klusman,3 Secor Rd,35
Alease,Buemi,4 Webbs Chapel Rd,36
Louisa,Cronauer,524 Louisiana Ave Nw,20
Angella,Cetta,185 Blackstone Bldge,39
Cyndy,Goldammer,170 Wyoming Ave,63
Rosio,Cork,4 10th St W,19
Celeste,Korando,7 W Pinhook Rd,20
Twana,Felger,1 Commerce Way,38
Estrella,Samu,64 Lakeview Ave,19
Donte,Kines,3 Aspen St,29
Tiffiny,Steffensmeier,32860 Sierra Rd,34
Edna,Miceli,555 Main St,57
Sue,Kownacki,2 Se 3rd Ave,37
Jesusa,Shin,2239 Shawnee Mission Pky,74
Rolland,Francescon,2726 Charcot Ave,42
Pamella,Schmierer,5161 Dorsett Rd,60
Glory,Kulzer,55892 Jacksonville Rd,56
Shawna,Palaspas,5 N Cleveland Massillon Rd,67
Brandon,Callaro,7 Benton Dr,21
Scarlet,Cartan,9390 S Howell Ave,16
Oretha,Menter,8 County Center Dr #647,62
Ty,Smith,4646 Kaahumanu St,37
Xuan,Rochin,2 Monroe St,19
Lindsey,Dilello,52777 Leaders Heights Rd,64
Devora,Perez,72868 Blackington Ave,44
Herman,Demesa,9 Norristown Rd,24
Rory,Papasergi,83 County Road 437 #8581,74
Talia,Riopelle,1 N Harlem Ave #9,39
Van,Shire,90131 J St,45
Lucina,Lary,8597 W National Ave,65
Bok,Isaacs,6 Gilson St,66
Rolande,Spickerman,65 W Maple Ave,31
Howard,Paulas,866 34th Ave,64
Kimbery,Madarang,798 Lund Farm Way,35
Thurman,Manno,9387 Charcot Ave,59
Becky,Mirafuentes,30553 Washington Rd,33
Beatriz,Corrington,481 W Lemon St,39
Marti,Maybury,4 Warehouse Point Rd #7,63
Nieves,Gotter,4940 Pulaski Park Dr,25
Leatha,Hagele,627 Walford Ave,68
Valentin,Klimek,137 Pioneer Way,49
Melissa,Wiklund,61 13 Stoneridge #835,67
Sheridan,Zane,2409 Alabama Rd,61
Bulah,Padilla,8927 Vandever Ave,20
Audra,Kohnert,134 Lewis Rd,38
Daren,Weirather,9 N College Ave #3,71
Fernanda,Jillson,60480 Old Us Highway 51,59
Gearldine,Gellinger,4 Bloomfield Ave,50
Chau,Kitzman,429 Tiger Ln,47
Theola,Frey,54169 N Main St,40
Cheryl,Haroldson,92 Main St,35
Laticia,Merced,72 Mannix Dr,53
Carissa,Batman,12270 Caton Center Dr,66
Lezlie,Craghead,749 W 18th St #45,17
Ozell,Shealy,8 Industry Ln,64
Arminda,Parvis,1 Huntwood Ave,26
Reita,Leto,55262 N French Rd,57
Yolando,Luczki,422 E 21st St,23
Lizette,Stem,501 N 19th Ave,21
Gregoria,Pawlowicz,455 N Main Ave,75
Carin,Deleo,1844 Southern Blvd,20
Chantell,Maynerich,2023 Greg St,62
Dierdre,Yum,63381 Jenks Ave,18
Larae,Gudroe,6651 Municipal Rd,63
Latrice,Tolfree,81 Norris Ave #525,16
Kerry,Theodorov,6916 W Main St,41
Dorthy,Hidvegi,9635 S Main St,58
Fannie,Lungren,17 Us Highway 111,71
Evangelina,Radde,992 Civic Center Dr,32
Novella,Degroot,303 N Radcliffe St,35
Clay,Hoa,73 Saint Ann St #86,18
Jennifer,Fallick,44 58th St,67
Irma,Wolfgramm,9745 W Main St,74
Eun,Coody,84 Bloomfield Ave,52
Sylvia,Cousey,287 Youngstown Warren Rd,39
Nana,Wrinkles,6 Van Buren St,73
Layla,Springe,229 N Forty Driv,64
Joesph,Degonia,2887 Knowlton St #5435,54
Annabelle,Boord,523 Marquette Ave,49
Stephaine,Vinning,3717 Hamann Industrial Pky,37
Nelida,Sawchuk,3 State Route 35 S,44
Marguerita,Hiatt,82 N Highway 67,17
Carmela,Cookey,9 Murfreesboro Rd,72
Junita,Brideau,6 S Broadway St,63
Claribel,Varriano,6 Harry L Dr #6327,21
Benton,Skursky,47939 Porter Ave,19
Hillary,Skulski,9 Wales Rd Ne #914,17
Merilyn,Bayless,195 13n N,64
Teri,Ennaco,99 Tank Farm Rd,49
Merlyn,Lawler,4671 Alemany Blvd,72
Georgene,Montezuma,98 University Dr,32
Jettie,Mconnell,50 E Wacker Dr,65
Lemuel,Latzke,70 Euclid Ave #722,67
Melodie,Knipp,326 E Main St #6496,53
Candida,Corbley,406 Main St,49
Karan,Karpin,3 Elmwood Dr,65
Andra,Scheyer,9 Church St,71
Felicidad,Poullion,9939 N 14th St,18
Belen,Strassner,5384 Southwyck Blvd,60
Gracia,Melnyk,97 Airport Loop Dr,59
Jolanda,Hanafan,37855 Nolan Rd,20
Barrett,Toyama,4252 N Washington Ave #9,16
Helga,Fredicks,42754 S Ash Ave,66
Ashlyn,Pinilla,703 Beville Rd,53
Fausto,Agramonte,5 Harrison Rd,51
Ronny,Caiafa,73 Southern Blvd,27
Marge,Limmel,189 Village Park Rd,57
Norah,Waymire,6 Middlegate Rd #106,29
Aliza,Baltimore,1128 Delaware St,47
Mozell,Pelkowski,577 Parade St,16
Viola,Bitsuie,70 Mechanic St,36
Franklyn,Emard,4379 Highway 116,49
Willodean,Konopacki,55 Hawthorne Blvd,64
Beckie,Silvestrini,7116 Western Ave,27
Rebecka,Gesick,2026 N Plankinton Ave #3,72
Frederica,Blunk,99586 Main St,18
Glen,Bartolet,8739 Hudson St,71
Freeman,Gochal,383 Gunderman Rd #197,30
Vincent,Meinerding,4441 Point Term Mkt,18
Rima,Bevelacqua,2972 Lafayette Ave,57
Glendora,Sarbacher,2140 Diamond Blvd,26
Avery,Steier,93 Redmond Rd #492,37
Cristy,Lother,3989 Portage Tr,38
Nicolette,Brossart,1 Midway Rd,23
Tracey,Modzelewski,77132 Coon Rapids Blvd Nw,73
Virgina,Tegarden,755 Harbor Way,27
Tiera,Frankel,87 Sierra Rd,39
Alaine,Bergesen,7667 S Hulen St #42,72
Earleen,Mai,75684 S Withlapopka Dr #32,65
Leonida,Gobern,5 Elmwood Park Blvd,26
Ressie,Auffrey,23 Palo Alto Sq,47
Justine,Mugnolo,38062 E Main St,65
Eladia,Saulter,3958 S Dupont Hwy #7,64
Chaya,Malvin,560 Civic Center Dr,66
Gwenn,Suffield,3270 Dequindre Rd,33
Salena,Karpel,1 Garfield Ave #7,26
Yoko,Fishburne,9122 Carpenter Ave,59
Taryn,Moyd,48 Lenox St,50
Katina,Polidori,5 Little River Tpke,23
Rickie,Plumer,3 N Groesbeck Hwy,63
Alex,Loader,37 N Elm St #916,70
Lashon,Vizarro,433 Westminster Blvd #590,61
Lauran,Burnard,66697 Park Pl #3224,29
Ceola,Setter,96263 Greenwood Pl,53
My,Rantanen,8 Mcarthur Ln,54
Lorrine,Worlds,8 Fair Lawn Ave,41
Peggie,Sturiale,9 N 14th St,62
Marvel,Raymo,9 Vanowen St,46
Daron,Dinos,18 Waterloo Geneva Rd,20
An,Fritz,506 S Hacienda Dr,16
Portia,Stimmel,3732 Sherman Ave,68
Rhea,Aredondo,25657 Live Oak St,22
Benedict,Sama,4923 Carey Ave,43
Alyce,Arias,3196 S Rider Trl,27
Heike,Berganza,3 Railway Ave #75,39
Carey,Dopico,87393 E Highland Rd,61
Dottie,Hellickson,67 E Chestnut Hill Rd,28
Deandrea,Hughey,33 Lewis Rd #46,41
Kimberlie,Duenas,8100 Jacksonville Rd #7,16
Martina,Staback,7 W Wabansia Ave #227,26
Skye,Fillingim,25 Minters Chapel Rd #9,58
Jade,Farrar,6882 Torresdale Ave,27
Charlene,Hamilton,985 E 6th Ave,73
Geoffrey,Acey,7 West Ave #1,53
Stevie,Westerbeck,26659 N 13th St,22
Pamella,Fortino,669 Packerland Dr #1438,28
Harrison,Haufler,759 Eldora St,27
Johnna,Engelberg,5 S Colorado Blvd #449,29
Buddy,Cloney,944 Gaither Dr,41
Dalene,Riden,66552 Malone Rd,45
Jerry,Zurcher,77 Massillon Rd #822,60
Haydee,Denooyer,25346 New Rd,65
Joseph,Cryer,60 Fillmore Ave,41
Deonna,Kippley,57 Haven Ave #90,66
Raymon,Calvaresi,6538 E Pomona St #60,63
Alecia,Bubash,6535 Joyce St,64
Ma,Layous,78112 Morris Ave,17
Detra,Coyier,96950 Hidden Ln,51
Terrilyn,Rodeigues,3718 S Main St,24
Salome,Lacovara,9677 Commerce Dr,20
Garry,Keetch,5 Green Pond Rd #4,40
Matthew,Neither,636 Commerce Dr #42,52
Theodora,Restrepo,42744 Hamann Industrial Pky #82,29
Noah,Kalafatis,1950 5th Ave,25
Carmen,Sweigard,61304 N French Rd,43
Lavonda,Hengel,87 Imperial Ct #79,45
Junita,Stoltzman,94 W Dodge Rd,52
Herminia,Nicolozakes,4 58th St #3519,33
Casie,Good,5221 Bear Valley Rd,25
Reena,Maisto,9648 S Main,40
Mirta,Mallett,7 S San Marcos Rd,50
Cathrine,Pontoriero,812 S Haven St,44
Filiberto,Tawil,3882 W Congress St #799,17
Raul,Upthegrove,4 E Colonial Dr,55
Sarah,Candlish,45 2nd Ave #9759,48
Lucy,Treston,57254 Brickell Ave #372,52
Judy,Aquas,8977 Connecticut Ave Nw #3,53
Yvonne,Tjepkema,9 Waydell St,52
Kayleigh,Lace,43 Huey P Long Ave,71
Felix,Hirpara,7563 Cornwall Rd #4462,31
Tresa,Sweely,22 Bridle Ln,56
Kristeen,Turinetti,70099 E North Ave,25
Jenelle,Regusters,3211 E Northeast Loop,70
Renea,Monterrubio,26 Montgomery St,35
Olive,Matuszak,13252 Lighthouse Ave,37
Ligia,Reiber,206 Main St #2804,19
Christiane,Eschberger,96541 W Central Blvd,72
Goldie,Schirpke,34 Saint George Ave #2,22
Loreta,Timenez,47857 Coney Island Ave,37
Fabiola,Hauenstein,8573 Lincoln Blvd,47
Amie,Perigo,596 Santa Maria Ave #7913,17
Raina,Brachle,3829 Ventura Blvd,62
Erinn,Canlas,13 S Hacienda Dr,73
Cherry,Lietz,40 9th Ave Sw #91,52
Kattie,Vonasek,2845 Boulder Crescent St,53
Lilli,Scriven,33 State St,54
Whitley,Tomasulo,2 S 15th St,22
Barbra,Adkin,4 Kohler Memorial Dr,67
Hermila,Thyberg,1 Rancho Del Mar Shopping C,73
Jesusita,Flister,3943 N Highland Ave,27
Caitlin,Julia,5 Williams St,45
Roosevelt,Hoffis,60 Old Dover Rd,58
Helaine,Halter,8 Sheridan Rd,47
Lorean,Martabano,85092 Southern Blvd,29
France,Buzick,64 Newman Springs Rd E,62
Justine,Ferrario,48 Stratford Ave,53
Adelina,Nabours,80 Pittsford Victor Rd #9,23
Derick,Dhamer,87163 N Main Ave,30
Jerry,Dallen,393 Lafayette Ave,48
Leota,Ragel,99 5th Ave #33,66
Jutta,Amyot,49 N Mays St,37
Aja,Gehrett,993 Washington Ave,19
Kirk,Herritt,88 15th Ave Ne,53
Leonora,Mauson,3381 E 40th Ave,31
Winfred,Brucato,201 Ridgewood Rd,33
Tarra,Nachor,39 Moccasin Dr,17
Corinne,Loder,4 Carroll St,56
Dulce,Labreche,9581 E Arapahoe Rd,17
Kate,Keneipp,33 N Michigan Ave,21
Kaitlyn,Ogg,2 S Biscayne Blvd,48
Sherita,Saras,8 Us Highway 22,75
Lashawnda,Stuer,7422 Martin Ave #8,67
Ernest,Syrop,94 Chase Rd,23
Nobuko,Halsey,8139 I Hwy 10 #92,41
Lavonna,Wolny,5 Cabot Rd,24
Lashaunda,Lizama,3387 Ryan Dr,50
Mariann,Bilden,3125 Packer Ave #9851,19
Helene,Rodenberger,347 Chestnut St,73
Roselle,Estell,8116 Mount Vernon Ave,23
Samira,Heintzman,8772 Old County Rd #5410,27
Margart,Meisel,868 State St #38,57
Kristofer,Bennick,772 W River Dr,29
Weldon,Acuff,73 W Barstow Ave,49
Shalon,Shadrick,61047 Mayfield Ave,62
Denise,Patak,2139 Santa Rosa Ave,38
Louvenia,Beech,598 43rd St,24
Audry,Yaw,70295 Pioneer Ct,54
Kristel,Ehmann,92899 Kalakaua Ave,16
Vincenza,Zepp,395 S 6th St #2,65
Elouise,Gwalthney,9506 Edgemore Ave,40
Venita,Maillard,72119 S Walker Ave #63,57
Kasandra,Semidey,369 Latham St #500,32
Xochitl,Discipio,3158 Runamuck Pl,71
Maile,Linahan,9 Plainsboro Rd #598,34
Krissy,Rauser,8728 S Broad St,23
Pete,Dubaldi,2215 Prosperity Dr,32
Linn,Paa,1 S Pine St,25
Paris,Wide,187 Market St,41
Wynell,Dorshorst,94290 S Buchanan St,35
Quentin,Birkner,7061 N 2nd St,35
Regenia,Kannady,10759 Main St,51
Sheron,Louissant,97 E 3rd St #9,50
Izetta,Funnell,82 Winsor St #54,22
Rodolfo,Butzen,41 Steel Ct,74
Zona,Colla,49440 Dearborn St,33
Serina,Zagen,7 S Beverly Dr,45
Paz,Sahagun,919 Wall Blvd,38
Markus,Lukasik,89 20th St E #779,23
Jaclyn,Bachman,721 Interstate 45 S,47
Cyril,Daufeldt,3 Lawton St,51
Gayla,Schnitzler,38 Pleasant Hill Rd,32
Erick,Nievas,45 E Acacia Ct,40
Jennie,Drymon,63728 Poway Rd #1,28
Mitsue,Scipione,77 222 Dr,27
Ciara,Ventura,53 W Carey St,33
Galen,Cantres,617 Nw 36th Ave,69
Truman,Feichtner,539 Coldwater Canyon Ave,59
Gail,Kitty,735 Crawford Dr,40
Dalene,Schoeneck,910 Rahway Ave,49
Gertude,Witten,7 Tarrytown Rd,33
Lizbeth,Kohl,35433 Blake St #588,29
Glenn,Berray,29 Cherry St #7073,62
Lashandra,Klang,810 N La Brea Ave,46
Lenna,Newville,987 Main St,47
Laurel,Pagliuca,36 Enterprise St Se,16
Mireya,Frerking,8429 Miller Rd,51
Annelle,Tagala,5 W 7th St,52
Dean,Ketelsen,2 Flynn Rd,72
Levi,Munis,2094 Ne 36th Ave,69
Sylvie,Ryser,649 Tulane Ave,24
Sharee,Maile,2094 Montour Blvd,58
Cordelia,Storment,393 Hammond Dr,69
Mollie,Mcdoniel,8590 Lake Lizzie Dr,38
Brett,Mccullan,87895 Concord Rd,71
Teddy,Pedrozo,46314 Route 130,64
Tasia,Andreason,4 Cowesett Ave,43
Hubert,Walthall,95 Main Ave #2,43
Arthur,Farrow,28 S 7th St #2824,36
Vilma,Berlanga,79 S Howell Ave,64
Billye,Miro,36 Lancaster Dr Se,18
Glenna,Slayton,2759 Livingston Ave,26
Mitzie,Hudnall,17 Jersey Ave,45
Bernardine,Rodefer,2 W Grand Ave,55
Staci,Schmaltz,18 Coronado Ave #563,60
Nichelle,Meteer,72 Beechwood Ter,33
Janine,Rhoden,92 Broadway,70
Ettie,Hoopengardner,39 Franklin Ave,27
Eden,Jayson,4 Iwaena St,20
Lynelle,Auber,32820 Corkwood Rd,50
Merissa,Tomblin,34 Raritan Center Pky,18
Golda,Kaniecki,6201 S Nevada Ave,40
Catarina,Gleich,78 Maryland Dr #146,47
Virgie,Kiel,76598 Rd I 95 #1,69
Jolene,Ostolaza,1610 14th St Nw,54
Keneth,Borgman,86350 Roszel Rd,50
Rikki,Nayar,1644 Clove Rd,29
Elke,Sengbusch,9 W Central Ave,48
Hoa,Sarao,27846 Lafayette Ave,47
Trinidad,Mcrae,10276 Brooks St,22
Mari,Lueckenbach,1 Century Park E,75
Selma,Husser,9 State Highway 57 #22,59
Antione,Onofrio,4 S Washington Ave,44
Luisa,Jurney,25 Se 176th Pl,34
Clorinda,Heimann,105 Richmond Valley Rd,56
Dick,Wenzinger,22 Spruce St #595,71
Ahmed,Angalich,2 W Beverly Blvd,46
Iluminada,Ohms,72 Southern Blvd,46
Joanna,Leinenbach,1 Washington St,51
Caprice,Suell,90177 N 55th Ave,58
Stephane,Myricks,9 Tower Ave,44
Quentin,Swayze,278 Bayview Ave,34
Annmarie,Castros,80312 W 32nd St,68
Shonda,Greenbush,82 Us Highway 46,41
Cecil,Lapage,4 Stovall St #72,16
Jeanice,Claucherty,19 Amboy Ave,47
Josphine,Villanueva,63 Smith Ln #8343,73
Daniel,Perruzza,11360 S Halsted St,39
Cassi,Wildfong,26849 Jefferson Hwy,39
Britt,Galam,2500 Pringle Rd Se #508,61
Adell,Lipkin,65 Mountain View Dr,42
Jacqueline,Rowling,1 N San Saba,68
Lonny,Weglarz,51120 State Route 18,41
Lonna,Diestel,1482 College Ave,19
Cristal,Samara,4119 Metropolitan Dr,42
Kenneth,Grenet,2167 Sierra Rd,75
Elli,Mclaird,6 Sunrise Ave,74
Alline,Jeanty,55713 Lake City Hwy,27
Sharika,Eanes,75698 N Fiesta Blvd,28
Nu,Mcnease,88 Sw 28th Ter,67
Daniela,Comnick,7 Flowers Rd #403,24
Cecilia,Colaizzo,4 Nw 12th St #3849,50
Leslie,Threets,2 A Kelley Dr,29
Nan,Koppinger,88827 Frankford Ave,60
Izetta,Dewar,2 W Scyene Rd #3,32
Tegan,Arceo,62260 Park Stre,62
Ruthann,Keener,3424 29th St Se,51
Joni,Breland,35 E Main St #43,37
Vi,Rentfro,7163 W Clark Rd,60
Colette,Kardas,21575 S Apple Creek Rd,53
Malcolm,Tromblay,747 Leonis Blvd,26
Ryan,Harnos,13 Gunnison St,47
Jess,Chaffins,18 3rd Ave,37
Sharen,Bourbon,62 W Austin St,67
Nickolas,Juvera,177 S Rider Trl #52,48
Gary,Nunlee,2 W Mount Royal Ave,47
Diane,Devreese,1953 Telegraph Rd,68
Roslyn,Chavous,63517 Dupont St,27
Glory,Schieler,5 E Truman Rd,24
Rasheeda,Sayaphon,251 Park Ave #979,34
Alpha,Palaia,43496 Commercial Dr #29,34
Refugia,Jacobos,2184 Worth St,19
Shawnda,Yori,50126 N Plankinton Ave,59
Mona,Delasancha,38773 Gravois Ave,36
Gilma,Liukko,16452 Greenwich St,34
Janey,Gabisi,40 Cambridge Ave,53
Lili,Paskin,20113 4th Ave E,72
Loren,Asar,6 Ridgewood Center Dr,29
Dorothy,Chesterfield,469 Outwater Ln,54
Gail,Similton,62 Monroe St,35
Catalina,Tillotson,3338 A Lockport Pl #6,62
Lawrence,Lorens,9 Hwy,61
Carlee,Boulter,8284 Hart St,56
Thaddeus,Ankeny,5 Washington St #1,41
Jovita,Oles,8 S Haven St,56
Alesia,Hixenbaugh,9 Front St,29
Lai,Harabedian,1933 Packer Ave #2,74
Brittni,Gillaspie,67 Rv Cent,17
Raylene,Kampa,2 Sw Nyberg Rd,54
Flo,Bookamer,89992 E 15th St,72
Jani,Biddy,61556 W 20th Ave,71
Chauncey,Motley,63 E Aurora Dr,33